content, category ,
 Contact us for Door to door delivery kitchen items, Hotel and Restaurants,
" grab the most awaitded # exclusive air fare of ktm-bangkok-ktm only at npr 19,999",Travel and Tourism,
 We build earthquake-resistant homes.,Constructions,
 Our team of experts ensure perfection at every step to make your event memorable.,Hotel and Restaurants,
"""Guest is no less than God "" That is our Team Faith...",Hotel and Restaurants,
"#vietnam
for more details and booking contact us",Travel and Tourism,
"100 % Nepali made comfort that will make you "" fell good"" on the inside and ouside",Fashion and Beauty,
"17 sate of the art,well equipped modular operation theatres",Health and Medicine,
24 hour emergency services call at 1134,Health and Medicine,
30% of on air fare of nepal air,Travel and Tourism,
35% discount in different accessories,Constructions,
5-Star sleeping experince at 1-Star hotel,Hotel and Restaurants,
750 bedded super speciality hospital,Health and Medicine,
A beautiful lehenga with jacket made from maroon net fabric,Fashion and Beauty,
A good bank managers needed !!!!,Banking Insurance and Financial Services,
A perfect place for your summer vacation,Hotel and Restaurants,
A simple way to send your money to your loved ones,Banking Insurance and Financial Services,
"A sophisticated resort experience, blended with the tropical surprises of diving sites, private reef and a shipwreck to explore.",Hotel and Restaurants,
a strong bond between children and parents is based on listening to them and showing them care.,Education,
a world class quaternary case facility with multiple centers of excellence.it combines the finest medical minds and advanced technlogy to provide holistic tratment within a multi disciplinary framework,Health and Medicine,
"Acoustic Guitar with Pick Up, Made In Korea, 1 year warranty, Includes a bag, set of strings, pick.",Entertainment,
addmsission open from class 1 to class 10,Education,
admission  ogoing  ! Please call the admission office for more information,Education,
"admission notices for foregin students in mbbs and bds 
MBBS and BDS augest 2019 session",Education,
admission open ! Imtroductory offer for limited seat only,Education,
Admission open for the new dance class,Entertainment,
Air proof jackets for men and women's just at 20% discount,Fashion and Beauty,
all the kind of sports materials are found in our store,Sports,
All time highest gross collection,Entertainment,
"amazing rara tour package
 premium:npr 13,500 only
economy:npr 10,000 only",Travel and Tourism,
"amazing thailand trip at just rs 2470 only let your pocket ,fee buy you thailand trip for more detail contact us",Travel and Tourism,
"amazinng mustang package tour
3n/4d
premium:nrs 12,999 only 
economey:8,999 only
trip highlight
2 night:accomodation in pokhara
1 night:accomodation in jomsom
premimum by 4wd luxurious scorpio jeep
economy by luxurious bus(minimum 25+)",Travel and Tourism,
An affordable solutions for Women's Gromming,Fashion and Beauty,
"An alluring blend of nature, culture and relaxation in the backwaters!",Hotel and Restaurants,
"Apart from excellent insurance coverage, we want to ensure that our policyholder get medical facilities at the best rate",Banking Insurance and Financial Services,
"Appropriate spot for business events, meetings and seminars",Hotel and Restaurants,
Are searching for experience mechanics????,Engineering  and Technology,
Are seeking for good constructions materials???,Constructions,
Are team have develop a farmer friendly machine,Engineering  and Technology,
Are you looking for plant of fruits for your farm we provide all sorts of plant at reasonable price,Agriculture,
Are you looking for planting machine contact us?,Engineering  and Technology,
Are you ready to Shop your Summer outfits? Best deals available rights now!!,Fashion and Beauty,
Asian paints provides different offer for painting your house with beautiful colors,Constructions,
award winning teams of emergency medical services and 2 helipad facility,Health and Medicine,
Awsome !!!! music compose by our musician,Entertainment,
baseball tournament classes from Friday march 30,Sports,
"basketball traning classes from Friday 25,jully 2019",Sports,
be a hero donate or give a blood,Health and Medicine,
Beautiful swimwear at Unbelieveable price,Fashion and Beauty,
Best comedy and horror movies,Entertainment,
Best dance performance of all time,Entertainment,
Best fashionable watch for men,Fashion and Beauty,
Best football shoes buy on your choice,Fashion and Beauty,
Best hd quality Tv @ reasonable price,Entertainment,
best in class laboratorry diagnostic services and blood bank,Health and Medicine,
Best memories start here,Hotel and Restaurants,
BIG discount upto 30% on various brands and types of accessories,Constructions,
"boarding facilities for student of grade 4-10 for we have the provsion of boarding facilities for student that are comfortable,secure and homely",Education,
book earlier! Save big! Offer are valid for the flight date satarting from the month of november 2019 onwards,Travel and Tourism,
book or pay any international air ticket and get 30% percent I n luggage,Travel and Tourism,
Booking open now,Entertainment,
Brand to build home,Constructions,
Buy all gagates at reasonable price,Entertainment,
Buy authentic camera and its accessorie with special discount,Fashion and Beauty,
Buy bricks and sand with suitable price from your suitable place,Constructions,
buy international air ticket of any destination,Travel and Tourism,
Buy MP3 player at reasonable price,Entertainment,
Buy one Get one FREE !!!!!,Fashion and Beauty,
Buy the best video game at best price,Entertainment,
Buy t-shirt just at 800 per piece,Fashion and Beauty,
buzz us anutime for your travel needs,Travel and Tourism,
Capture our special offer on the branded shopes,Fashion and Beauty,
Cash back offer for the each POS transaction,Banking Insurance and Financial Services,
Cashmer Products at cheap available,Fashion and Beauty,
charity golf tournament happening at march 30th,Sports,
Check your statement anytime with our internet  banking,Banking Insurance and Financial Services,
co-curricular and extra curricular activities students are given a wide range of choices to engage in varied co curricular and extra curricular activities such as games and sports,Education,
Collection of all time favorites,Entertainment,
Color full doll and cushions,Fashion and Beauty,
Combo Offer with Swimming.......... Have a fun !!!!!!!!,Hotel and Restaurants,
Come Enjoy Delicious foods with foods with 10% discount using our Cards,Banking Insurance and Financial Services,
Comeback and shop the season's latest Trend's !!,Fashion and Beauty,
Comfortable underwear at reasonable price,Fashion and Beauty,
"Comfortableness at an Affordable price , VANS shopes just at 1000",Fashion and Beauty,
Commit to be fit smart watch just at 20 % off,Fashion and Beauty,
Contact for quality CCTV,Engineering  and Technology,
Contact us  for various types of flooring materials,Constructions,
Contact us for better services and facilities,Hotel and Restaurants,
Contact us for diiferent digital tools for measurement,Constructions,
contact us for experience workers,Constructions,
Contact us for newly launched mobile phone,Engineering  and Technology,"
"
Contact us for recording music video,Entertainment,
Contact us for the Beautiful dress,Fashion and Beauty,
Contact us for Wholes Clothes,Fashion and Beauty,
Contact us for your picnic spot,Entertainment,
Create your account FREE,Banking Insurance and Financial Services,
cricket tournament on 15th may,Sports,
"dear parents, if you are thinking of schools as for your` child , please sign up for a school tour fell free to contact the school team",Education,
"Delicious food and a perfect view , both serve at our hotel",Hotel and Restaurants,
Dell have launched laptop which have unique and special feature,Engineering  and Technology,
Different offers avalable in our constructions materials,Constructions,
Discover yourself in the peaceful silence of hotel,Hotel and Restaurants,
"Don't miss out any part of the fun, the Ultra Wide Angle Lens on the Huawei P30 Pro ",Entertainment,
Download our apps and get refreshment,Entertainment,
"Dream your house but hard work ours, think us for different construction project",Constructions,
Dreams your work and assist ours,Constructions,
Drop your review on movie,Entertainment,
Drop your review on movie,Entertainment,
Easy and safe remittance through trusted channels,Banking Insurance and Financial Services,
education for a better future,Education,
education for the better future ,Education,
Electrical Engineer Needed!!!!!,Engineering  and Technology,
"Encourage customer for fixed , at high rate of interest",Banking Insurance and Financial Services,
Enjoy 15% instant discount in Daraz Nepal using visa Domestic Card,Banking Insurance and Financial Services,
Enjoy 20% off a purchase of Rs 4000 !!!,Fashion and Beauty,
Enjoy live music ,Entertainment,
Enjoy the tranquil surrounding and peaceful environment,Hotel and Restaurants,
Enjoy your weekend with live music,Hotel and Restaurants,
Enojy discount offer in every iteams,Fashion and Beauty,
Enojy your shopping by using our cards with special discount,Banking Insurance and Financial Services,
Environment friendly insecticides and pesticides available at our store now with free delivery,Agriculture,
Experience best telecommunication technology with us,Engineering  and Technology,
Experience the passion of hospitality,Hotel and Restaurants,
Experience warm and welcoming Nepalese hospitality ,Hotel and Restaurants,
explore new destination in this new year with specia; tour package,Travel and Tourism,
"Exquisite luxury with Breakfast in Room, Airport Transfer, personalized butler service at very special rate",Hotel and Restaurants,
facilities for advanced laparascopic surgeries,Health and Medicine,
Featuring new leathers bags ,Fashion and Beauty,
Few days remains for SALE,Fashion and Beauty,
Fill your form for online game competition,Entertainment,
Finally an affordable solution for men's Gromming,Fashion and Beauty,
Finest dancer of all time,Entertainment,
Fixed deposit with 12% interest rate,Banking Insurance and Financial Services,
football are avaliable with 30% discount,Sports,
football traning classes open from 20th september hurry up!,Sports,
for 24 hour doctor avaliable and full services contact us,Health and Medicine,
For any suggestion fell free to ask us,Constructions,
for appointment with doctors contact at +97714217766,Health and Medicine,
for cheap air ticket booking message or call,Travel and Tourism,
For good steel materail to bulit strong house contact us,Constructions,
for helicopter fly contact us,Travel and Tourism,
for student of grade 4 and above we have provision of boarding faciilities that are comfortable secure and homely,Education,
For the trustful products visit us,Engineering  and Technology,
free blood pressure tests with medical,Health and Medicine,
free is always good! Grab the most exclusive buy two get one free offer for ktm-bangkok air ticket,Travel and Tourism,
Free life Insurance,Banking Insurance and Financial Services,
"Fresh , vibrant, comfortable sunglasses starting at $ 40",Fashion and Beauty,
From our family to yours have a happy and healthy stay ,Hotel and Restaurants,
full time teacher needed for more information contact in the  given address,Education,
"fun run in Sunday april 1st
registration on may 31st",Sports,
futsal are avalaible with large three court and facilities of café and many more,Sports,
futsal tournament jully 20th,Sports,
Gadi karja at low interest,Banking Insurance and Financial Services,
"Get now best deal on all products, leave your number and delivery address",Fashion and Beauty,
Get ready for summer with the new Huawei P30 Lite in gorgeous Pear,Entertainment,
Get the comfort you Deserve,Fashion and Beauty,
Get these cosmetic products at your door steps !!,Fashion and Beauty,
Get these three pieces of combo set  just @ 2000,Fashion and Beauty,
Get this designer dress at a reasonable price,Fashion and Beauty,
Get three pairs of shocks just at 100,Fashion and Beauty,
Get upto 15% off on NT/NCELL Mobile Topup,Banking Insurance and Financial Services,
"get your body back in the track
-fitness
-weight loss
-youga
-bodybuilding
contact us in given address",Sports,
Give us chance to serve and be serve,Banking Insurance and Financial Services,
golf plays offs 14th june,Sports,
Google has revealed its lower-cost Pixel 3a smartphone ,Engineering  and Technology,
"grab the supersaver one way air ticket of australia with the best price of nepal air ever in the history
valid to travel from 07th aug to 31st oct and ticket must be issued till 21 aug 2019",Travel and Tourism,
grab up to 40% off on qatar ariways specfic destnation ! Book early! Save big!,Travel and Tourism,
Great acting by all actor and actress,Entertainment,
Green house tent set for unseasonal vegetables and fruit are available now with free installation,Agriculture,
Guitar on sell with best price,Entertainment,
Harmless preservative to protect your fruits and vegetable ,Agriculture,
Have a great ime with us,Hotel and Restaurants,
health care and nurshing care services.qualified and registered nurses are on hand to provide first aid services to students,Education,
Here are cool gadgate for you!!,Fashion and Beauty,
Here booking open for mobile,Engineering  and Technology,
Home loan at very rate of interest!!!!,Banking Insurance and Financial Services,
hot offfers are waiting for more information click on the given link,Travel and Tourism,
Hurry up ! Offer valid for limited periods only,Banking Insurance and Financial Services,
Hurry up ! To get serve from us,Constructions,
Hurry up! Share open for the bank,Banking Insurance and Financial Services,
Huryy up before the offer ends!!!,Banking Insurance and Financial Services,
Huwei the most versatile camera phone with good price,Entertainment,
Hybrid Seed are available for your farming,Agriculture,
"If anyone qualified and experienced electrical engineer is interested to work then please send your CV ASAP to email, email: ",Engineering  and Technology,
If you have any project then contact us ,Engineering  and Technology,
"If you need your own sites,then contact us",Engineering  and Technology,
in our hospital there ia a avaliable of 24 hour emergency,Health and Medicine,
indoors and outdoors games are avaliable in one place hurry up! For the advance booking contact in given address,Sports,
invest your time in defining what the actual problem is you will definitaly find the solution,Education,
inviting all neplese nurse to attend the senior regarding HAAD licensing and job opportunities,Health and Medicine,
its never too late to start anew jorney europe one way starting from $400,Travel and Tourism,
"Its not the home you love but the life that live here, which will be designed and construct by us",Constructions,
Its your best destination to bulid your dream house,Constructions,
Jacket for winter season ,Fashion and Beauty,
Jackets for summer seasons now available,Fashion and Beauty,
Jeans mini skirt for women at Rs 1200,Fashion and Beauty,
"join mba/bba program to lead,inspire innovate in a truly business environment",Education,
"Keep calm , Summer is ON ! Men's shorts at just Rs 400",Fashion and Beauty,
"kick boxing for the adult
get the body you have always wanted 
why wait?
Start now!
First 2 classes is for free",Sports,
Kick off your weekend with best taste of food at our hotel this Friday night,Hotel and Restaurants,
Korean Straight skirt with special offer !!!,Fashion and Beauty,
"ktm-boston-ktm only at npr 98,1001",Travel and Tourism,
"ktm-dallas-ktm only at npr 1,07,1002",Travel and Tourism,
"ktm-london-ktm only at npr 66,1005",Travel and Tourism,
"ktm-los angeles-ktm only at npr 1,01,1003",Travel and Tourism,
"ktm-newwork-ktm only at npr 92,999",Travel and Tourism,
"ktm-paris-ktm only at npr 62,1006",Travel and Tourism,
"ktm-sanfrancisco-ktm only at npr 99,999",Travel and Tourism,
"ktm-sydney-ktm only at npr 42,1007",Travel and Tourism,
"ktm-washington-ktm only at npr 1,16,1004",Travel and Tourism,
Land plugging machine at best price,Engineering  and Technology,
Lash modle needed !!!,Fashion and Beauty,
Latest branded textiles available,Engineering  and Technology,
Latest released movies,Entertainment,
lavish rooms with a breadthing view is the perfect combination you need ,Hotel and Restaurants,
"Let us serve you with our beautiful, spacious and high equipped rooms.",Hotel and Restaurants,
let us take you places! Booking 19th sem 2019,Travel and Tourism,
Life's special moments need to be cherished and celebrated in style.Book your stay at our hotel,Hotel and Restaurants,
limited seats are avaliable for bachelor in science computer science and infoormation technology,Education,
"Look ,smell and fell like a million bucks without paying it",Fashion and Beauty,
looking  for cheap the cheap flight ?click here and get your freee travel quotaion,Travel and Tourism,
Looking for competent Architect,Constructions,
looking for the cheap flight from nepal?take a look at our starting price of various destination clicking on the images,Travel and Tourism,
Make your dream house with Bhawani group,Constructions,
Make your dreams true with your balance,Constructions,
Make your purchases using our visa card for secure and convient transaction,Banking Insurance and Financial Services,
Make your trip similar like you have palnned it to be,Hotel and Restaurants,
Make yourself at Home,Hotel and Restaurants,
math techer needed qualifiaction:bachelor experience : minimum 2 year,Education,
"matron, bn ,bsc nurshing with 2 year expeiance",Health and Medicine,
medical officer needed for our hospital,Health and Medicine,
MEGA Offer Oder Now !!!,Fashion and Beauty,
Modern hand tracktor avalilabe,Engineering  and Technology,
"modern science and computer liboratories we have the latest educatinal tools including 
information and computer technology and computer laboratories to enhance learning experience and develop critical thinking and problrm solving skill",Education,
nationally and internationally renowned physicians,Health and Medicine,
Needed well qualified and experience manager,Banking Insurance and Financial Services,
needes for cricket coach for our sports and with experience of minimum 5 years,Sports,
needes for football coach for our sports and with experience of minimum 5 years,Sports,
needes for volleyball coach for our sports and with experience of minimum 5 years,Sports,
nepal airways up to 40% off on specific cities flight ! Limited seats!hurry up!,Travel and Tourism,
nepal airways up to 40% off on specific cities promotion,Travel and Tourism,
Nepali dawra shuruwal for the cultural programme ,Fashion and Beauty,
New acting class running from the up coming Friday,Entertainment,
"New arrival.. Hurry up limited stock "" Summer special clothes"" ",Fashion and Beauty,
new batches open for martial arts traning hurry up!,Sports,
New brand clothes arrives !!!,Fashion and Beauty,
New branded shoes for men just at Rs 1500,Fashion and Beauty,
New branded shoes for men just at Rs 2000,Fashion and Beauty,
New design jeans pant's for men on SELL !!!!,Fashion and Beauty,
New design kurta for women,Fashion and Beauty,
New year OFFER graps the chance to buy product at best price,Fashion and Beauty,
Newly launch mobile phone with best feature,Entertainment,
OFFER on Laptop for limited periods,Engineering  and Technology,
"On purchase of any package of Spa (30 minute and above), Get 20 % off and free swimming.",Hotel and Restaurants,
Online game competition is helding soon……!!!,Entertainment,
Our deluxe room decorated for the couple ,Hotel and Restaurants,
our faculty members are highly accomlished experienced and dedicated individuals who are driven by values that place students and their holistic development at the core,Education,
our heritage our pride,Travel and Tourism,
Our new stylish guitar strap is woven with an exclusive pattern and vibrant colors.,Entertainment,
Our running project is finishing soon,Constructions,
Our running project is finishing soon,Constructions,
Our running project is finishing soon,Constructions,
our school recognizes the connetion of mind body and sprit and focus on the ballanced growth of the learners,Education,
"ourservices
-center for diagnostic medicine
-center for neuroscience
-center for cardiac science
-center for digestive diseases
-center for mother and child care
-center for cancer care
-center for dentist
-center for dermatology",Health and Medicine,
Pant's on SELL !!!!!,Fashion and Beauty,
"planning to run ward ward and reformed way and now call for application for following vacant position
1)full time medical officer:1
2)matron bn and bsc nursing",Health and Medicine,
"planning to travel somewhere,from nepal or to nepal?then contact in the given address",Travel and Tourism,
"planning to travel somewhere,then contact us",Travel and Tourism,
Please fell free to drop your CV  to respective bank,Banking Insurance and Financial Services,
Please visit and give us chance to welcome you,Hotel and Restaurants,
Polarized sunglass for men's,Fashion and Beauty,
Polarized sunglass for women's,Fashion and Beauty,
Prebooking open for newly launch smart phone,Entertainment,
Provides complete enginnering and constructions solutions,Constructions,
Quality and free educations platform,Entertainment,
rado imaging with country renowned doctors,Health and Medicine,
Record breaking opening!!!!!,Entertainment,
Referesh and renew yoursself with us,Hotel and Restaurants,
"registraion open for school.
Admission will be open in grades 1-7 for the academic year 2076",Education,
"Revitialize your mind , body and soul .By allowing yourself a purifying experience in hotel",Hotel and Restaurants,
"Rooms are with Led TV , Free WiFi, 24 hrs hot and cold shower with attached bathroom.",Hotel and Restaurants,
"Saturday is  a day to enjoy a spa treatment.Relax ,rejuvents and step out refreshed from the amazing hotel spa",Hotel and Restaurants,
"save up to 40% on chicago,new yourk,frankfut and paris round trip economy and business class",Travel and Tourism,
Scan and pay using your Nabil smartBank or Esewa apps and enjoy 50% discount on entry fee,Banking Insurance and Financial Services,
SCHOLARSHIP is avaliable if you  get the highest marks,Education,
seats are avaliable for +2 management students and science students,Education,
Secure and convinent way for the customer,Banking Insurance and Financial Services,
"Secure your child's future with the ""Keta Keti Bachat Khata""",Banking Insurance and Financial Services,
security guard need for our hospital with experianced.,Health and Medicine,
shape your body join the best gym today,Sports,
sharpen your business knowledge,Education,
Shirts on SELL !!!,Fashion and Beauty,
Shop anything through our website and get it deliver at your doorsteps,Fashion and Beauty,
Simply the best ….@Happy clients faces,Constructions,
Special offer to all our valuable customers,Banking Insurance and Financial Services,
Specific discount in on ILETS class in our institute,Education,
Specific discount in on ILETS class in our institute,Education,
Spend your valuable time with this beautiful gagates,Engineering  and Technology,
"Spirit of togetherness and love can be felt in the environment. So, let us forget all tensions and worries",Hotel and Restaurants,
Spring style Wear,Fashion and Beauty,
Start your morning with a warm cup of coffee,Hotel and Restaurants,
state of art pain management and reabilitation with world class zimmer technlogy ,Health and Medicine,
Stock products on sell!!,Constructions,
succes meaning having the determination and the wil to become the person you belive you were ment to be.,Education,
success doesn't come overnight hardwork and sacrifies make successful people .even you fail get up and start again,Education,
"summer soccer ca,p for boys and girls ages 15-25",Sports,
Sunset View of Banepa captured with Huawei P30 Pro 5x Optical Zoom.,Entertainment,
"Surrounded by the majestic Himalayan range, Taj Theog Resort & Spa, Shimla, is a luxury home with a view.",Hotel and Restaurants,
Suscribe our channel for more information,Entertainment,
Suscribe our mobile banking services,Banking Insurance and Financial Services,
swimming lessons are avaliable with a specia discount in this summer,Sports,
Take 30% of all your levi's favourites ,Fashion and Beauty,
Take a break your hectic work schedule and relax at our hotel,Hotel and Restaurants,
"teacher intern!
Apply with the curriculum vitae and a letter of interst hilighting your sutitability for the postion carrer before november 25,1019",Education,
teacher need for class 1 to 10 for more information contact us.,Education,
the finest minds and team in medicine are based with the most advanced technology for latest treatment modalities,Health and Medicine,
"the library forms the core of our library programme and is the hub for all research
and inquery projects we have two specious and well stocked libraries one designed and traines librarians ,who are khnowledgeable and experinced",Education,
The most secure place to safeguard your valuables property ,Banking Insurance and Financial Services,
the school has a clean kitchen and a bakery.the kitchen serve fresh prepared well balanced meals for all students with a choice between vegetraian and non veg food.,Education,
the school provides air conditoned vans to transport the day student to and from the school ensuring comfort and saftey of the student avaaliable the services,Education,
"the school will have a dedicated extra curricular activities ,buildings and sports department
with professional coaches and trainers who will constantly challenge and guide every child to develop their skill",Education,
the ultimate boxing night and the greatest fight of the year happening in jully 12th,Sports,
Thief detector device on sell,Engineering  and Technology,
"to enjoy beach,nature,skyscrapers,culture,mountains,to visit your loved ones,to study,work or for businessthen contact in our travel and tours",Travel and Tourism,
Tractor available for hiring to increse efficiency of your farming,Agriculture,
Travel light with our travel cards,Banking Insurance and Financial Services,
travel with us whatever is your destiny,Travel and Tourism,
Trouser for winter season at cheapest rate,Fashion and Beauty,
Two of the samsung best phone with new prize drop off!!,Entertainment,
"unblelievable offer for the air ticket of ktm-japan-ktm at just rs 67,999",Travel and Tourism,
Vacancy announcement for bidge design engineer,Engineering  and Technology,
Vacancy announcement for some engineering post,Engineering  and Technology,
"vacancy for a staff nurse ,anm,gda and g4s",Health and Medicine,
Vancany Announce drop your C.V,Constructions,
Vancany announcement for the respective post,Banking Insurance and Financial Services,
"visit nepal! travelling itself is a purpose! We have got you covered come,choose your tour package and make a incredible tour ",Travel and Tourism,
"Voice your but music our , be ready to record your voice and make your dream true",Entertainment,
volleyball are avaliable in our store,Sports,
volleyball traning class open hurry up! First 10 people will get heavy discount on the admission,Sports,
"want to kick back and relax at the most popular destionation??
We have got a incredible tour packages and are highly recommenend you to directly contact our packages experts to know moe about the trip",Travel and Tourism,
want to start swimming? For moredetails contact or visit our given link,Sports,
"Wanting a quality instrument, at a nice price? We are here for you",Entertainment,
ward incharge need for the hospital experience minimum 10 years,Health and Medicine,
Watch your money grow in secured way with the highest interest rate,Banking Insurance and Financial Services,
Water proof new branded watches for men,Fashion and Beauty,
Water resistant watches for Women ,Fashion and Beauty,
We are  the trusted site for source of information,Entertainment,
We are for your valuable safe gauard,Banking Insurance and Financial Services,
we are here for your care,Banking Insurance and Financial Services,
We are here fulfll yours dreams,Banking Insurance and Financial Services,
"We are here to assist you in different difficulty such as any causal death,accidental disability,funeral expenses and so on",Banking Insurance and Financial Services,
We are here to provide you information to help you make the right choice,Banking Insurance and Financial Services,
We are here to serve you,Entertainment,
We are re-affirming our commitment to our communities and investing over a millions dollars a day in non-profits,Banking Insurance and Financial Services,
We are seeking for energetic and experience engineer,Engineering  and Technology,
We are the authorized dealer,Constructions,
We are the best broadcasting channel,Entertainment,
We are the best consultant throughout the country,Constructions,
We are the best dealer to provide high quality materials at low price,Constructions,
We are the best service providers,Engineering  and Technology,
We build beautiful houses that are ever ready to welcome visitors,Constructions,
We can learn the music class with us ,Entertainment,
"we create a learning culture where all leaners are fully engaged in holistic,meaningfill,
and innovative learning experience in a collaborative learning community",Education,
We developed different software on client's demand,Engineering  and Technology,
we ensure developng a team of teachers who are passionate about the teaching profession have expertise in their subject matter and the dispostion ofa perpetual learner,Education,
"we envision to be oe a top notch school with a reputstion foer educational excellence 
in both nepal and the region thereby helping create a better future",Education,
We have an experience architect to design different maps,Engineering  and Technology,
We have been seeking for energetive and qualified site visitors,Constructions,
We have best room at best prices,Hotel and Restaurants,
"We have Complimentary WiFi, airport pick up & drop",Hotel and Restaurants,
We have energetic and experience team of software development,Engineering  and Technology,
We have latest technology for your efficient work ,Engineering  and Technology,
We have lots of choices for you,Entertainment,
We have our branches throughout the country,Banking Insurance and Financial Services,
We have quality of musician and composer to assist you,Entertainment,
"We have the perfect mixure of modern, luxury and healing nature where you can enjoy",Hotel and Restaurants,
We have various sizes and quality of Water tanks of Neptop,Constructions,
we have well managed lab for all grade of students.,Education,
We make sure that yourself day becomes the most memorable day of your life,Hotel and Restaurants,
We offer the 50% laon for buying any vehicles,Banking Insurance and Financial Services,
We offer various designs and materials for false ceiling,Constructions,
"We offer various sizes of bricks, block in reasonable price",Constructions,
We offers a range of financial protections solutions,Banking Insurance and Financial Services,
"We offers quality of bed, table, chairs",Constructions,
We offers the loan at very low rate ,Banking Insurance and Financial Services,
We provide best dance and music class,Entertainment,
We provide different training,Engineering  and Technology,
"We provide fast,secure and safe remittance solutios for you and your family across globel",Banking Insurance and Financial Services,
"We provide interior design service for your bedroom, living room, and other different rooms",Constructions,
We provide the best banking services for our valueable customers,Banking Insurance and Financial Services,
"We provide various sizes of bricks, block in reasonable price",Constructions,
We provides a distraction- free environment with excellent facilites to make every event magnificant and prodcutive,Hotel and Restaurants,
We provides healty foods and good services,Hotel and Restaurants,
We serve you at your difficulty,Banking Insurance and Financial Services,
We warmly invite you and your family to experience our newly renovated deluxe & added couple suite rooms,Hotel and Restaurants,
"We will be operating soon ,to assist you",Constructions,
we will provode a plaatform for practicing safe and evidence based medicine driven by internationally guidence and proto clos,Health and Medicine,
"we would like to invite you to come , be a part of the open house and avalaible yourself of first, hand information about the school",Education,
Wear best fell best watch ,Fashion and Beauty,
Wear Palpali Dhaka topi and fell your best,Fashion and Beauty,
Wear Stylish be Stylish!!,Fashion and Beauty,
Wecome to your residence,Hotel and Restaurants,
Welcome to Nabil Bank limited,Banking Insurance and Financial Services,
Well experience waiters needed!!!!,Hotel and Restaurants,
well managed class room and provides with air-conditioned avalaible in our class room,Education,
Where indescribable moments become unforgettable memories. Start your happily ever after at Hotel Barahi,Hotel and Restaurants,
Winter jacket at Best price,Fashion and Beauty,
Yellow night vision glass at best price,Fashion and Beauty,
You can hear the music but you can fell the bass!!!,Entertainment,
Your satisfiaction is our concern,Fashion and Beauty,
youth basketball league registration 1000 per peaple on sep15th,Sports,
zumba classes avaliable in sat 14th may ticket price is 1500,Sports,
